<courses>
	<course category="XML">
		<code>XML801</code>
		<title>XQuery</title>
		<price>2200</price>
		<duration>2</duration>
		<year>2008</year>
		<location>Amsterdam</location>
	</course>
	<course category="JAVA">
		<code>JAV210</code>
		<title>Java Programming</title>
		<price>4000</price>
		<duration>5</duration>
		<year>1996</year>
		<location>Driebergen</location>
	</course>
	<course category="NET">
		<code>NET101</code>
		<title>.NET Overview</title>
		<price>1000</price>
		<duration>1</duration>
		<year>2002</year>
		<location>Eindhoven</location>
	</course>
	<course category="XML">
		<code>XML100</code>
		<title>XML Overview</title>
		<price>1100</price>
		<duration>1</duration>
		<year>2001</year>
		<location>Amsterdam</location>
	</course>
	<course category="JAVA">
		<code>JAV481</code>
		<title>Java Web Development</title>
		<price>3000</price>
		<duration>5</duration>
		<year>2003</year>
		<location>Zoetermeer</location>
	</course>
	<course category="NET">
		<code>NET801</code>
		<title>Ajax .NET Programming</title>
		<price>1500</price>
		<duration>2</duration>
		<year>2007</year>
		<location>Driebergen</location>
	</course>
	<course category="XML">
		<code>XML200</code>
		<title>XSLT Stylesheets</title>
		<price>2100</price>
		<duration>3</duration>
		<year>2005</year>
		<location>Driebergen</location>
	</course>
	<course category="JAVA">
		<code>JAV601</code>
		<title>Java EE Overview</title>
		<price>1400</price>
		<duration>1</duration>
		<year>2004</year>
		<location>Eindhoven</location>
	</course>
</courses>
