<?xml version="1.0" encoding="UTF-8"?>
<devshed>
   <categories>
      <python>
         <article>
            <title>MySQL Connectivity With Python</title>
            <author>Icarus</author>
         </article>
         <article>
            <title>Python UnZipped</title>
            <author>Mark Lee Smith</author>
         </article>
      </python>
      <php>
         <article>
            <title>Writing Clean and Efficient PHP Code</title>
            <author>David Fells</author>
         </article>
         <article>
            <title>Using the PHP Crypt Function</title>
            <author>Chris Root</author>
         </article>
      </php>
   </categories>
</devshed>

